"FullName","Length","LastWriteTime"
"W:\PFE_finl\uploads\invoices",,"01/03/2026 01:35:59"
"W:\PFE_finl\uploads\users",,"05/03/2026 20:02:02"
"W:\PFE_finl\uploads\agadir.jpg","337610","27/02/2026 15:39:45"
"W:\PFE_finl\uploads\aitbenhaddou.jpg","930690","27/02/2026 15:39:02"
"W:\PFE_finl\uploads\ait_ben_haddou.jpg","595966","03/03/2026 15:26:07"
"W:\PFE_finl\uploads\alhoceima.jpg","515628","27/02/2026 15:40:26"
"W:\PFE_finl\uploads\al_hoceima_bay.jpg","129150","03/03/2026 15:26:38"
"W:\PFE_finl\uploads\asilah.jpg","469425","28/02/2026 22:22:57"
"W:\PFE_finl\uploads\bin_el_ouidane_lake.jpg","670833","03/03/2026 15:26:40"
"W:\PFE_finl\uploads\camel_festival.jpg","875098","28/02/2026 22:55:36"
"W:\PFE_finl\uploads\chefchaouen.jpg","166876","14/02/2026 12:59:27"
"W:\PFE_finl\uploads\cherry_festival.jpg","147395","27/02/2026 15:41:16"
"W:\PFE_finl\uploads\dades.jpg","957600","27/02/2026 15:39:35"
"W:\PFE_finl\uploads\dakhla.jpg","491186","28/02/2026 22:22:55"
"W:\PFE_finl\uploads\essaouira.jpg","370054","27/02/2026 15:39:37"
"W:\PFE_finl\uploads\fes.jpg","667481","27/02/2026 15:39:29"
"W:\PFE_finl\uploads\fes_el_bali.jpg","607372","03/03/2026 15:26:09"
"W:\PFE_finl\uploads\fes_sacred_music.jpg","365945","27/02/2026 15:41:12"
"W:\PFE_finl\uploads\film_festival.jpg","68402","27/02/2026 15:41:16"
"W:\PFE_finl\uploads\gnaoua_festival.jpg","83435","14/02/2026 21:02:01"
"W:\PFE_finl\uploads\hercules.jpg","348328","27/02/2026 15:40:49"
"W:\PFE_finl\uploads\imilchil_marriage.jpg","287074","28/02/2026 22:55:38"
"W:\PFE_finl\uploads\kelaat.jpg","783872","28/02/2026 22:22:47"
"W:\PFE_finl\uploads\marrakech.jpg","697602","27/02/2026 15:38:48"
"W:\PFE_finl\uploads\mawazine.jpg","399571","27/02/2026 15:41:01"
"W:\PFE_finl\uploads\merzouga.jpg","368101","27/02/2026 15:39:11"
"W:\PFE_finl\uploads\oualidia.jpg","272971","27/02/2026 15:40:39"
"W:\PFE_finl\uploads\ouzoud.jpg","1237661","27/02/2026 15:39:25"
"W:\PFE_finl\uploads\rabat.jpg","508616","27/02/2026 15:39:42"
"W:\PFE_finl\uploads\rose_festival.jpg","282312","28/02/2026 22:55:28"
"W:\PFE_finl\uploads\sahara_marathon.jpg","445374","28/02/2026 22:55:37"
"W:\PFE_finl\uploads\saidia.jpg","318565","27/02/2026 15:40:54"
"W:\PFE_finl\uploads\tanjazz.jpg","304892","27/02/2026 15:41:14"
"W:\PFE_finl\uploads\timitar.jpg","315170","28/02/2026 22:55:21"
"W:\PFE_finl\uploads\todgha.jpg","329586","27/02/2026 15:39:32"
"W:\PFE_finl\uploads\invoices\Invoice_1.pdf","24620","05/03/2026 14:49:37"
"W:\PFE_finl\uploads\users\2234b684-d2f3-4764-9600-962cbd207234_download.jpg","5836","03/03/2026 20:18:11"
"W:\PFE_finl\uploads\users\89415778-f2f9-4838-9610-8eaf272aa05a_download.jpg","5836","05/03/2026 20:02:02"
"W:\PFE_finl\uploads\users\a12e9c6f-1382-49f2-9a8c-4b732d2d621a_download.jpg","5836","05/03/2026 17:53:57"
"W:\PFE_finl\safar_morocco_backend\Safar_Morocco\uploads\invoices",,"27/02/2026 22:47:27"
"W:\PFE_finl\safar_morocco_backend\Safar_Morocco\uploads\media",,"01/03/2026 01:12:20"
"W:\PFE_finl\safar_morocco_backend\Safar_Morocco\uploads\cherry_festival.jpg","147395","27/02/2026 15:41:16"
"W:\PFE_finl\safar_morocco_backend\Safar_Morocco\uploads\fes_sacred_music.jpg","365945","27/02/2026 15:41:12"
"W:\PFE_finl\safar_morocco_backend\Safar_Morocco\uploads\film_festival.jpg","68402","27/02/2026 15:41:16"
"W:\PFE_finl\safar_morocco_backend\Safar_Morocco\uploads\gnaoua_festival.jpg","83435","14/02/2026 21:02:01"
"W:\PFE_finl\safar_morocco_backend\Safar_Morocco\uploads\marker_workspace.txt","18","27/02/2026 15:29:41"
"W:\PFE_finl\safar_morocco_backend\Safar_Morocco\uploads\mawazine.jpg","399571","27/02/2026 15:41:01"
"W:\PFE_finl\safar_morocco_backend\Safar_Morocco\uploads\tanjazz.jpg","304892","27/02/2026 15:41:14"
"W:\PFE_finl\safar_morocco_backend\Safar_Morocco\uploads\invoices\Invoice_1.pdf","1468","27/02/2026 13:39:36"
"W:\PFE_finl\safar_morocco_backend\Safar_Morocco\uploads\invoices\Invoice_2.pdf","2139","27/02/2026 20:41:20"
"W:\PFE_finl\safar_morocco_backend\Safar_Morocco\uploads\invoices\Invoice_3.pdf","2376","27/02/2026 20:51:02"
"W:\PFE_finl\safar_morocco_backend\Safar_Morocco\uploads\invoices\Invoice_4.pdf","2374","27/02/2026 21:34:36"
"W:\PFE_finl\safar_morocco_backend\Safar_Morocco\uploads\invoices\Invoice_5.pdf","24868","27/02/2026 22:24:44"
"W:\PFE_finl\safar_morocco_backend\Safar_Morocco\uploads\invoices\Invoice_6.pdf","24870","27/02/2026 22:25:16"
"W:\PFE_finl\safar_morocco_backend\Safar_Morocco\uploads\invoices\Invoice_7.pdf","24969","27/02/2026 22:33:22"
"W:\PFE_finl\safar_morocco_backend\Safar_Morocco\uploads\invoices\Invoice_8.pdf","24971","27/02/2026 22:47:29"
"W:\PFE_finl\safar_morocco_backend\Safar_Morocco\uploads\media\76ae9d25-320d-4521-a9ce-fd1de6da9d2c_Corniche_de_Nador_(Marchica).jpg","156852","14/02/2026 18:25:40"
"W:\PFE_finl\safar_morocco_backend\Safar_Morocco\uploads\media\88e55062-e781-431e-9c50-70d791e5ae97_91g0y64fbmd71.jpg","103607","14/02/2026 18:51:17"
"W:\PFE_finl\safar_morocco_backend\Safar_Morocco\uploads\media\f7528702-1fa0-48d8-8906-b482999cc923_download.jpeg","8393","14/02/2026 18:51:17"
